user_id,is_active,retention_days,retention_rate
3cd38627-45fb-43cf-baa6-b0418ded984b,0,95,0.18217607628947474
7ef0c199-e6cb-47c2-9bc3-d3b80f116aa9,1,327,0.019239473657316486
bc7b50ad-68a8-4447-a9da-faf711ef958a,1,214,0.040631498269185884
ba1367a4-bcd9-4fe1-ba14-13e2276e29f3,1,154,0.3103002599007877
2c18b989-0777-4254-b027-56065d91ade9,1,223,0.7291804492874795
0ef03e28-3083-49bb-a53e-a3a0023469d6,1,41,0.5506632682917263
297d171f-9505-4d4d-9dbc-ef5bce3bbdf0,1,150,0.7240889716792664
a3662478-ab8c-4503-9149-f5c72c2521bd,0,124,0.362766054482885
6616a768-e1c5-4bc9-8967-32215c4cec27,1,300,0.8511635134957584
4f5f36eb-58ec-4fb7-bc5c-17eec30b03c8,1,165,0.5235754660812266
728a4202-f16a-4451-a2f2-875bc0d36aec,1,339,0.15913674011854406
3f436ea5-302d-45c0-bba0-50f0d3c0ff73,1,213,0.5449561667418772
d7312dac-08ad-419f-acc2-a8908cb6b65d,1,167,0.27681673627872616
fa4b6014-80ac-478a-bce3-dceb117828a8,1,329,0.5098644242034608
05a4bb40-3958-4eb3-a483-9b3b61fbf641,1,116,0.21696053357551326
d8fce027-8360-4b15-8e04-83ff4e515d10,1,155,0.7209168878945388
062aabb3-2dd8-4019-9561-af20e478cdcb,0,205,0.3532597284749991
2453b9f0-d001-4489-baca-e93275357561,1,188,0.14566207310484003
a142a313-1d54-4702-ae74-9ebb5da74f39,1,65,0.6994449058349679
1fc2fd39-2e77-4fc1-8610-7359be1c2dae,1,360,0.024196890557711792
84233d89-d9a9-4b8d-82ff-721b368c9406,1,197,0.4116081369303969
c45bb1f8-89e9-4ada-a6c3-c2c18ae21bf3,1,86,0.4926781190719983
185697df-4de8-4183-8fcd-511cb4453bee,0,210,0.4914815074387493
9fb6e1f1-9274-4a43-bd7b-977bdeade1b0,1,191,0.0678265615059025
1db6bec8-c9f5-4f8f-9226-d52d039b0dc9,0,294,0.14351084570738937
d3a72422-ff20-4e13-b37b-ec0ed2c330bc,0,214,0.04645886202836014
3a645958-601c-4254-9a5e-31455f9830ff,1,252,0.11182338351564669
96a02908-0e56-4e3e-9be6-c7ce4804dfb6,0,74,0.6301270700123022
3f442192-8cd0-4c1d-8f8f-e2c18d4ac9a2,1,363,0.36003163303876795
cb2a62cd-94db-4885-912b-bfb9c53976fb,0,83,0.24020998943394722
bc0b9e05-5cda-4218-be51-c87aa51b2a2b,0,308,0.900756411803358
98a87524-008d-48ab-896e-4cab004eeaa1,0,73,0.789618862960564
fb294da2-e786-44c4-b541-d5ed797c6fd2,0,328,0.2826732592523763
b0611448-4827-4d68-817c-1fc101861e03,0,284,0.9254319210251095
1c07b80c-5950-4597-9208-7c6712603a9e,1,9,0.7065842240334221
fc311bf5-f71a-470b-8c33-1201cd09c978,1,80,0.7080430867476851
558cc299-8b3c-4468-8ec0-ad6975243ffb,1,298,0.026708993429302996
7b8a0028-5188-4981-803c-052b8967c6c5,1,182,0.23377868363104737
40688d8b-5600-47cf-8b49-cce78909b2b1,1,53,0.6390622433697515
00b847f1-1371-4173-aae6-b3c1b868c293,0,279,0.45752720230585
331d9228-1918-478c-bad3-3b5449ded4f9,0,13,0.6264918967144267
fb3fd7a5-44b1-4b2f-abe2-42300fa92bf6,1,44,0.03337446728265214
736767ba-d943-42dd-9c5c-3adc2a37a2de,1,30,0.28913208044457817
5cf93f3a-6f27-468b-9d8a-46924978d286,1,147,0.663144828167039
ad56c976-1b46-4e78-9f4b-1d1feddd2147,1,80,0.2956124722359833
3df1dd1a-3524-4b26-b1d6-ed784d5c78a2,1,171,0.9216816086724687
a18333a4-698f-40dc-8aa8-7668f0c479a0,1,17,0.21696823385112418
decf6ead-ae4b-432c-a645-a51322346f40,0,87,0.25388685938320643
201ace96-d919-4dd4-9d3e-f7f9bcce4d26,0,146,0.5692315558357633
7d518fa4-e803-4c45-9bc9-3683f194b009,1,126,0.2621032432094449
2370a9dd-c7ce-4b92-ae3f-799803a56a44,1,328,0.9525910430016085
42ac1ef8-71cb-4e46-b443-13f7c28e135a,1,56,0.1343001202605103
1c83de48-386a-46a3-ad56-fe0d631a11b4,1,166,0.5775247273326758
a496c6ff-6fa3-4d9e-b76c-4d5c3fc45406,1,69,0.4003959021883742
852ded87-8568-4011-8cb2-45354efd8ebc,1,190,0.24424231392205553
010d2341-e44f-41b4-9920-71e29a9b3193,1,82,0.09895875199228232
f8ed62a4-2deb-466d-810b-485e9fb42402,1,300,0.5637310752593011
b73960d3-b6f5-4d75-b877-789697e54428,1,323,0.011835734001892417
470ddbce-25f2-4ea3-9ad3-a177fd1c0b30,1,292,0.9695050868750517
58c840c9-9faf-44b8-9147-8d9af5d954f8,0,145,0.35412448188353574
d6a5ae2c-ba56-4282-8bcf-f8dd5c3eedc9,1,272,0.16596737561751618
a769d646-816a-4a38-976a-e223ef113b27,0,136,0.0745013801897706
ba57cd1d-4db9-494c-a287-6a2951adc935,1,269,0.9611742582558057
0b047bfc-31e2-446f-9766-ef34ad5613a3,1,186,0.17178425807601239
15135816-7a95-40bc-a9e5-e4f549bf8843,0,36,0.9227989754212845
e574d480-880a-4d0e-a252-9ade203a757b,1,213,0.6248510873149863
171055c4-6cbf-411f-922e-5037b8ae641f,0,283,0.2328346610013502
beb7e889-7482-4a2e-adf9-869f2a10fcad,0,153,0.796374656932038
b08bb360-6c08-45bc-90dc-217de3a70626,1,9,0.4505223259255119
96f8a681-c48d-4428-a975-98124041bc0f,1,239,0.030085771002685502
01e943bf-8edb-44a6-b5a0-84d88c0b8aae,1,319,0.9146212608138482
bb1b0ff2-8f1f-4017-a823-614fad4226cb,1,350,0.6973978171849609
d04bda16-180a-497f-aed4-5bcc5ec0b91b,1,308,0.14117837718229298
1a0f89e8-8b5b-4114-80e8-88bd84401f3f,1,172,0.1886251140729306
cc8ee154-3ef9-430b-bb19-acd38de1cbca,1,53,0.7904484494532501
e8df2fe1-a1ec-4af1-84a7-fce8a3812e51,1,226,0.3691701772202767
570083e8-2f71-4f0f-80b0-cc44d3668dac,0,12,0.06552648297428887
5a25a1d3-8038-4e35-a4ef-170a22dd32a3,1,57,0.9908689889256969
2f69b58c-08e6-403b-98b8-83b80690f325,1,259,0.4388002335953015
82b80e84-aa2d-4d02-a116-dd4d9795bdac,1,51,0.5158279823728166
a60a55cc-8954-413a-a7c8-a9cba43bffc4,0,113,0.8210404672496676
1b55751f-a3af-42c8-a419-b9887e2279c7,1,134,0.030381578371370566
34c6d86f-b3e3-49fd-bf64-66430ca6713d,1,97,0.672974844315565
dea5bf62-b8a6-4be0-ae3e-9ec812c890d0,1,320,0.3776951004230621
2c7ddca5-3968-410b-b879-cc22da0abd47,1,182,0.630694382745866
61ae1500-cbc0-4a4d-ac6e-0c981934112e,0,223,0.4720974195603099
ffa39a1c-355a-4f9e-af10-ffef910d41c2,0,224,0.93730961206256
263903ca-fe31-4e4c-a086-72e0c4fd4bc9,1,165,0.96081666449257
458f5496-ef69-4bbb-a3f8-5cd7c6efd1a7,1,214,0.0786463598101953
fe470adf-fe69-4b76-9737-6a8a417a10df,1,225,0.36537872363356083
56c7e807-bc57-4186-9f2d-4c3eeb9c235b,1,355,0.16547971785216598
2d93f83c-b17a-4536-8bdd-8af77252bc98,0,302,0.9723789595403052
961ca34b-c100-4a63-89b3-5af006bcfe7f,0,25,0.15688310259217741
d88100a1-6a99-452b-ba83-162fa983bc7e,1,27,0.7602014226159297
58ac9c38-290b-4027-9890-3d2faae844c7,1,14,0.541096227068854
dc731abb-f10a-4939-8c66-32a99a36ba51,1,257,0.3031150420388562
3c6f0f4f-1928-42fc-871f-420786014376,1,3,0.5137562492889008
efa190e7-cead-4bf9-b86d-ab4a593d043d,1,249,0.9669112702010079
f52f2a6b-757d-48cb-b16e-c668c5ae5573,0,345,0.4528053754167808
ee7dcc49-64bd-4d5b-a43f-24cdea987dcd,1,324,0.6364959922305945
bf4ac72a-896a-490d-b32f-e8bbb7ef96d8,1,341,0.5571934850202266
5c6443b2-de08-4917-b7ca-446ef58a3707,1,260,0.35822360193532954
9af69c9b-e60d-4952-b492-ddd82bfc8e2e,1,303,0.4672937569198864
65a5432d-8fbb-4ce3-a1bd-4db13d884531,1,329,0.23008186771153472
1e5c43d4-dc9f-4d90-926f-f9312745512d,0,304,0.41336835731910127
02b571e8-3294-4ba7-a457-53984c0d93ba,1,146,0.36493112887138146
de0b98fa-f1c0-4a6f-b35b-86cac7ca74e5,1,192,0.06092869149795588
55fff564-d1f6-417f-9736-03a7579bb575,1,75,0.7294376203302078
143183e9-36b1-4a15-aa2d-59b60e02443c,1,172,0.9346300004370488
e5f219e1-879a-4bab-bfd3-e1d8f4222723,1,140,0.13470389656124504
8f155bbd-7e36-4b7a-932b-6e9395ccedf8,0,354,0.12497499536319157
b75a0764-e0cf-49c1-addf-b8700981a569,0,338,0.20512304870382714
71568c9c-9b6f-4f92-a651-c111104d563b,1,188,0.51968370277388
4a8c4767-d34a-4d31-8f75-d857a9755cb0,1,294,0.4996315770286569
b8c1a853-c4e0-4df3-ab77-bfa1fd8134e9,0,20,0.8430848197903807
8e345394-ad7d-49e7-a94c-019285c8c984,0,150,0.38887281465989076
c905f60b-4a0c-485b-9483-ef9220a85f1b,1,96,0.3879615009693701
f7ba3dbb-5dbc-4450-b27b-1673af74c458,1,280,0.9138697061573932
0905ca7d-39d9-4a57-8279-395f486fadd6,1,32,0.0911796131213024
94fec012-ab59-430e-9692-d375dc07f843,0,68,0.4143933816051891
1400221e-0c3d-4616-a73e-c35b732a8b87,1,90,0.611942098370986
4d1dfb55-27e6-48ca-ade7-2d8236e5facd,0,111,0.4598299287815856
77202c59-0e40-4354-9e5b-e18030d13c40,0,215,0.8926640564104759
70928889-5dbc-4351-a18f-6cfe41cffa81,1,138,0.2219710876542771
2d408317-4344-4a7e-b2b8-bda2af0f8f92,1,300,0.22991593558258527
2969f0f9-4049-471b-a219-c57b3d2677a9,1,281,0.9313067527611818
f182b388-cf81-4cfa-922e-2e466612644a,1,312,0.1639744229972
cd774846-fdd8-4e11-b1dd-5c3a06ccd57c,1,140,0.8423247483700216
a49f945c-ab3e-4e72-9227-a98613b06c08,1,331,0.1902539172782055
d6a5bbfc-8526-40e8-9369-c6b18d7f6797,1,185,0.5400344547599294
239223ff-b1b6-4106-91bd-cdc6bb41a0a7,1,229,0.3660851589102667
36d4bb54-b4f8-4bf5-ab6a-27c14cb2dfed,0,284,0.8567833839447152
f85690fa-cdf8-4aad-b8de-6a3b76dfc595,1,69,0.2185695130098929
bfb5af2e-73a5-47a1-b143-c04cfc2475a8,1,91,0.06033701731888519
3815298a-3325-4ae9-bffe-a68fe46af24b,1,129,0.2748967258255377
d28b899d-b696-4e26-bbf1-2148c7d140e6,1,267,0.16411442017158628
d708172f-7ac2-48d3-8335-258003a03a78,1,111,0.4998562907599686
767cebf7-d0b8-493c-97aa-6ca38e379f9c,1,14,0.48870330730708345
adcaea48-ecd4-47d4-b64a-fba8659754b2,1,117,0.16325124597470364
5d0d28cd-b823-4ee3-95f5-ca689f4a60af,0,314,0.5998215399626261
e1e4dad9-23cd-4ab6-a646-6c4cfbabda6e,0,23,0.826854069203817
9baf67e2-5273-40d6-b7fb-13b9e0767e8b,0,182,0.2900850740612335
7dfcbc77-b8c4-418c-ab75-b93d2046caf8,1,342,0.9891367605155923
a0ba8306-037d-4cea-9881-e0821c0c880b,1,287,0.6896920312887189
69741735-99d1-4810-a03f-f157e2f0a2e4,1,134,0.4523216558618328
400b8547-b58b-46e3-876f-0bb202bcfefd,1,324,0.775403531823268
25a59b71-59e6-418e-a991-2cb115d189b1,1,330,0.5080547979394818
2c334a0f-f796-4fa5-b0e1-c2ffd83b506c,1,180,0.8142174573352439
4409e824-e3e0-4ae8-bad8-b0b391253251,1,161,0.6608731902639479
b4526548-b248-4da2-a97d-3ac896915bed,1,283,0.9317771158316752
25a5f9de-c540-41bd-9442-0d01eacd8669,0,40,0.8496645994628761
3934f7b7-b063-44dc-bb0b-81ce0d8e410a,1,166,0.7728464800241983
fedbcd33-f4d2-41cb-9ab4-1d6ba72f86e9,1,291,0.670989764497871
3531010f-7285-4bbf-bf7e-4ecca93d1a80,1,69,0.6642335819227451
6224f577-fdef-497f-9e90-99839d4ff76e,1,3,0.42364852556350163
d448e3e1-a986-4783-8174-30f85ce10433,1,141,0.6507903960585589
c264464c-fd75-4d8b-b45b-e933cef6610b,1,14,0.876992635137872
ea66710d-fb86-4502-a589-090d67e98267,0,121,0.6345228265895186
da547f19-3fa7-485b-ae67-ab7a4120e49d,1,117,0.3866451865581202
73d45fe9-4efa-4041-968b-459141c387ff,1,242,0.28787122069022075
95113dd5-eae0-487b-9e17-3c45446dc002,1,16,0.005938054117987757
9b60a997-4a84-4861-b332-407627ac4dbf,1,54,0.7149672655742039
09efff36-ee09-4467-89a2-6d25a029e6d4,1,234,0.35316450275022804
918ab46b-091a-432e-800c-99ec9d75fd82,1,40,0.3174633326288947
064f9f2a-89e0-411c-9318-d4187f9658fa,1,105,0.04907970519835947
f27a6a90-f78c-41d1-9d5b-f860f12d4f4a,0,338,0.1664460746654295
0976efd7-1f1d-400a-9d4a-a493ab61e2c7,1,294,0.02703966469465502
207eb9ae-3031-498e-b7cd-28682472bd00,1,306,0.6140501417031761
a51185de-ef57-401e-bf0b-efa39926bc9e,1,249,0.2176555984887013
e9f04307-e70f-4280-b209-ce5bfa6bae7f,1,218,0.2741743301596258
f11564c7-4564-41c9-bf70-42440c57e81b,1,177,0.27597109176328116
5b7e444a-e81c-4621-b54b-053f6c10e3c7,1,213,0.2094199147401965
3fb63083-c797-48a0-b755-ae53dddacd8b,1,170,0.09619716941313816
e7a6bb0d-9bbd-43d7-a934-2891d566c42b,0,254,0.07471399813303436
2de648a9-a07e-4862-8e6b-2d4e4cb7c79a,1,301,0.6615765204049906
4fd50c6c-547e-4007-90c8-5a74cc4c06fc,1,283,0.9918635123132787
fe1e11e6-3fd2-4190-9a49-5d30404c7690,1,116,0.04752407616023224
9c35938f-3ff4-4114-af7c-37dfef66bdfc,0,332,0.06622651023150594
f374162d-efee-4b8c-b6a9-0cecc6e772bc,1,117,0.27576598525485585
60d91d93-2a4e-4d0c-b09a-334403cafeff,1,311,0.94580284858124
6d70e942-fc55-4b63-bfbf-c4e1338aace4,1,109,0.5365078797472946
c561eb3d-5e73-477e-9980-10e29d816a04,1,73,0.8329083615470368
d8d0b5a8-b1fc-4835-b019-8ae662ca9226,1,312,0.9789561820218877
2d7843a0-ade0-4ac0-b750-1cdb3a381918,1,30,0.7728465912821743
531192ba-3c18-46b5-ab2d-8131a1eae826,1,143,0.735834623087156
0cf46a4a-ab54-4b24-8ebd-1d0bfbe3ff87,1,311,0.9655067162667765
db3f3428-5ece-45ec-ac1d-94f8d508655e,1,226,0.7600893232856766
72aa7ca4-de97-44b9-a0c2-391f13333b54,1,188,0.24710602478762855
80413aca-fc58-4843-b3b8-fdf70dd5e770,1,141,0.8975450669432304
6e5f4fb5-f560-4b9f-9749-d3f1c780f2ea,1,255,0.6915096586457021
6007f784-5a0d-4886-85da-5e56a7e30d9f,1,130,0.9235914445977518
1ea89e28-9729-4c79-a494-3e6aa0e9bdc5,0,183,0.29322339896587135
d996dbbb-aa9e-45ac-a449-0802b697713d,1,158,0.5705088367427645
96f74d15-323f-4187-9ff3-b2e7aa2a6455,1,51,0.2063024564835385
e7b1023f-f54e-41b3-8c5e-0babefb66db7,1,114,0.9584777328583906
29640fe3-c0eb-472f-a482-ab9ff697e323,1,74,0.22621274033668426
4eefb378-215f-4427-a770-c41b6c2416ec,0,208,0.9413617608598019
b7938b9b-5716-4e19-86ef-6e3fbf8a9312,1,290,0.5335760137618982
19f690f8-7c49-4e23-9bdc-4cf294bf654d,1,357,0.8211163223140409
7ee411a9-cc83-452a-813a-7c9bbd8b2533,1,9,0.5723736261388076
7669ef78-39f9-4c87-976c-fdfab98f4ce7,1,62,0.33413769518688574
7375514e-0162-48ca-b98d-37b9107dfc81,0,307,0.6758511679673184
a4f2c75f-6f71-427b-a41c-7f50daccfb72,1,109,0.36363245230109986
cfd141dc-e915-4152-acbb-284f267634c0,0,238,0.5844354806140202
5c538b73-c22d-4389-b85c-a51e452c6f1e,1,51,0.7990649990002998
26ef1ead-70bd-4171-adc7-de4aa72833b7,1,276,0.14828343873823024
bd26de2f-19da-4eea-a3ba-71e779387f5b,1,214,0.20307296564351995
a95ae54f-4ca5-4077-9597-5cdb0b88ac40,1,230,0.8240566917328076
82b2ffb5-7158-4451-a0f8-e0e67f8b5b0b,1,95,0.04760701895975694
40a65bee-8f5e-423f-83e6-82bd28ecc537,1,349,0.2273919372807337
0e08e02c-7ca4-440c-9f59-40adfe3ca499,1,215,0.018203741847679367
29524168-0de2-4f87-852b-02ddc9f70a46,1,164,0.510879045013079
88af417c-bf41-42ac-a203-3b604df16f9e,1,294,0.38854667188286474
a6a54086-29ff-4f64-ae1f-7935800faaea,1,49,0.49720573730538076
7f30eb17-9ac3-4962-b20d-dc0614bf4b28,1,345,0.4581338816729147
2f17d0a9-d5d3-4e0c-bf0b-c850290e0685,1,141,0.3212242118509582
a98d63cb-901a-4ed1-a1a1-251532978001,1,317,0.006983511452554492
ca9a1894-8635-469b-ab87-25937ea9c69f,1,197,0.459486182676935
4eea29d6-bacb-4039-95ad-df73364e3d24,0,357,0.07933471031867445
0496caa5-776a-4149-9598-0601f78a2699,1,141,0.9479779470514869
9e0c2366-184a-497b-b546-1775556aa7ba,1,358,0.013338509043357205
41729e0e-03e2-4def-8dc1-b3db2b4676e3,0,314,0.3789898922260623
1dd64977-2be2-44f6-b9c2-fe13c07e053e,1,285,0.661066756136571
fcd5d0c7-219c-4f7f-98ad-33e140bc155e,1,339,0.015536690375057893
1deebb2a-af4e-400a-867a-e6c3bf7cbd28,1,253,0.2716383144324268
c4fd1c0c-9d10-4781-93d6-603253c02476,1,18,0.8812375051872439
3c18a605-eda2-47f8-a679-f01c55c7ff70,1,147,0.12174061612410703
0d3aa418-4215-459d-85c8-214392a29d53,1,116,0.686678477338477
7d36062e-f8e0-4aaf-88ae-0cf3062d359a,1,223,0.5667113514803065
304ff0f1-9f43-47cb-a0c2-d0143462db1d,1,202,0.25552692046313485
095359fb-2293-4bf2-8bce-ecd1c61a3259,1,48,0.7328744427579797
add7ea29-b674-4126-b2f8-fd063e3562b0,0,83,0.14028104073630288
0f25fd40-6175-44d0-a925-f4b1bc35fa36,1,234,0.9437829279380912
623ee7aa-b360-4d94-bbb8-f3578c3f06bc,1,264,0.3792265150171701
0217bfe4-58ee-4812-86c0-339103e2f6fa,1,99,0.34964206698217604
a680d901-44fd-4113-9ae8-4d49fe9a2c64,1,37,0.7486317792682018
a3c55f59-9998-492d-9cb5-08c5b84a6d2c,1,343,0.625832318225992
c24f41fd-d2b2-4fd7-a950-c3f30275e71d,1,364,0.04748712660851728
8b592fba-cd68-4359-b913-e564adcb80f4,1,263,0.22136810273609575
5229c2f7-d057-4665-873f-4f21f06054d2,1,33,0.12537154847976284
feb759c9-cf02-4c63-b8f5-712416c62de9,1,159,0.5875196700827466
1c5534ea-0a1c-4a8c-95d7-85d86c6d36a9,0,68,0.7718389306053086
998623cf-f92f-4d8f-ac71-338914caa40a,1,227,0.370007261026729
42660f46-79bf-4de3-a771-de2ae273770a,1,345,0.2721281805953336
515f251b-fbd0-4140-af0b-98ae90363f76,1,305,0.7442118303341337
c3719208-7734-4979-8a75-aebee2e037c2,1,95,0.23862160791895748
bdfc8f57-c16c-426b-a3a5-95a70c77c8cd,1,280,0.4796030960172579
85b1bf7b-c37a-42f7-a40a-33b33c16bc25,1,25,0.0193094509074081
27bb9bf9-3120-42e5-bcdb-fb5424e2b739,1,263,0.8250454296725813
87c6b019-6ffe-4d21-9366-581d11745d83,1,322,0.11022299224113319
bb3a03fa-fad7-47d4-b131-95365be1d6a6,1,220,0.40731733905866263
4f6d94ef-626b-4c5a-9680-5a74e5d14510,1,350,0.3966381567976157
4dfe8b23-9449-40cb-bca5-32ae323a8a98,0,336,0.07817172135763517
c5c1bb8c-154c-41d7-bcf8-36aee87a4931,1,364,0.237400062807951
262cc7d5-aa84-4f4e-9685-51b70429fa1e,1,109,0.3836940266095691
221962cf-dd85-4f8f-9b2a-b0c15939b22a,1,274,0.9391817817685305
ced96d40-c958-4173-8f56-c0fd4f11b129,1,221,0.22102711872732395
f6184679-76b4-4893-a375-556760b96c88,1,325,0.9997393721578975
dd4eeb7b-e2e5-41b9-ad48-9fe8b8de8fda,0,326,0.6499235667975425
906c5d71-b2a4-4ba1-962f-aaeaa6385dff,0,258,0.17912155705724342
3126be00-8fb7-4324-a502-77850ed96bcb,0,37,0.2107180260157271
a4087434-949f-45eb-a03f-800cb1cc1b7c,1,32,0.5524407170549601
0e31b610-11d3-4d97-9120-67d90ec53e84,1,206,0.9572347490662609
97bb10db-1f35-4266-a66e-f64f84e15b84,0,142,0.7680750194537507
8148416e-f94b-4b79-a8d1-1ef6c61369ad,1,325,0.7752204536090347
3158a7df-0179-4f00-b606-89e07daa09a4,1,321,0.605533982444964
ad53d6cf-6aad-4419-a3a0-cebbd6fd0697,1,207,0.014954941147718004
79565233-a0c4-470f-a117-5719304ff32b,1,235,0.3726273848447482
f7ed3666-65ee-4f2a-8970-7f0ea910e4d1,1,66,0.8140282097927918
74728738-ba5f-436b-a33e-6982ca6c7177,1,158,0.2111107934874974
3f83dd55-24b5-4bf3-85e5-8ac7b39e0ca2,1,152,0.5534218914544307
33c992a5-1ab9-4b70-8649-131c84818405,1,231,0.9356008645569692
d93e8c69-93e5-4d30-abc3-d8e47884306a,1,87,0.7362088587460999
bb157956-a05a-419d-b816-a5c4543f8444,1,325,0.9079958290574662
da206457-e1b0-4e09-9cd9-c270e199c3b4,1,180,0.9162406713071126
5d31e398-a83c-4bb5-b3ce-1fdd3870932c,1,278,0.6242657790657395
53bad5fd-61d3-45fb-b9ef-a96da480620d,1,78,0.6715814180832467
1bb42aac-1e6b-46bf-a655-aaa5bfc67721,1,101,0.1651421292810623
8cc80aa3-82ce-4269-9ec3-f3c51a86adc8,0,308,0.31851494253553336
68102c54-b01e-4113-9149-1dc343b87f83,1,231,0.3281383784938048
25459fd6-c999-4d3e-8155-43da82d034f8,1,243,0.8867904626405058
062a7e6b-5208-4d42-b05a-440b69f69bd7,1,40,0.8227919145961207
346f49f4-c2ae-426c-be19-a9079df5bad5,0,93,0.7241337842912888
d859829f-4dfa-4679-a31f-2d2458965ec1,1,21,0.6356072093524039
1e3aa1fb-7e83-4a8b-9917-ec43ed289c3c,1,76,0.5419254046284646
0e2afa3d-d85b-4d1f-87db-f5f1c872e531,1,185,0.9065574298696468
5746b567-4b58-4f79-a262-9ef619918f9d,0,15,0.7323902772543489
07a08844-edae-46bd-8b30-8f76723a5da8,1,243,0.7715513480170045
7a8233c2-1637-4a66-a3f6-fc6fb89901d1,1,150,0.37863863430492883
a93bcb5c-89bf-4c47-8112-1424513321ba,1,190,0.8585057715090639
76c1c2f2-465d-4cb5-b1c2-662cd6e1e0b9,1,289,0.6538211661319993
66743317-03a5-4cd7-a255-17bd00981d94,1,352,0.8019088632425959
73e7a58f-982d-4e9c-af44-f00ceff46ea1,1,1,0.8622976510791056
60d6d9d7-2054-49c0-a63d-1184ade24074,1,23,0.060778433156285505
cdebc602-cdc9-4b48-a2d2-7dff8d1e6834,1,279,0.8209577180839418
7da371a9-98ac-4500-8c99-b390e7519577,1,305,0.8572204751362899
f11012d7-79db-415b-9a80-54b21c3edb06,1,83,0.7816412140450245
1c4986dd-7f77-4c34-9d7c-9f10004434a2,0,275,0.5857993043267222
43716329-a21c-4fb5-bd59-a5c3ad7d0a02,1,311,0.059499222964362275
0f251573-9be6-4b8a-8629-345d76e623b4,1,33,0.06587256899823102
3d81aafb-89de-431c-be6c-b2255847a402,1,221,0.4786479477638693
e10be01a-277c-4638-b230-8bf1a9b1c93d,1,294,0.7472204703387937
30ba6c4f-958f-4abb-96a5-a26f04983b2f,1,161,0.1738839726737671
f480010c-a5b2-4c4c-b327-3fd9ea8e614e,1,10,0.6337265567251039
79a82f0f-e251-46d9-8821-d860deca8608,1,312,0.1277083264800133
ddd3510e-7705-4ef8-a8bf-fd53ff9fab47,0,344,0.6078336509620855
7f3113af-1a49-42e1-a8f0-909dbc4ea6d6,0,45,0.5468491963576275
a43b1f32-84e6-4c70-8dfa-0a34fc80e595,1,280,0.1425280402094411
b2c52300-160e-4ffc-8cfd-ec4029a129df,0,162,0.023589335834825143
a6709fed-da3c-4832-9956-bd8320de79f9,1,62,0.6267984333289671
1d011511-5594-44e6-8a8d-016c9ccb7071,0,12,0.7832261854219835
e9a79ad6-2ac3-461e-90a5-0fb70b819aad,1,311,0.19774155844349695
5aea3cd9-2c81-4a0a-a86a-f61feba65fb0,1,222,0.7980189606379375
40340b81-b7da-4683-aafe-39e2485ca581,0,240,0.3785668250147154
8161defb-1486-4e51-ae24-64a7a3197084,1,221,0.3550629978606019
a62ad137-7826-43e6-94ca-e5444656ecbf,0,37,0.2204293599580074
c0126f53-315d-487c-b52b-6eaa499e48e6,0,204,0.9845274425640596
e99fdf87-3e7a-4ef9-aaff-3f16967d4987,1,104,0.13877518655697108
dd20f2d2-bfc3-4869-a807-f1363665eb7c,1,118,0.250860747435249
3370e566-7ddb-47e7-b0f6-6d6a5cf2b4d3,1,278,0.0967772857513658
3d125be4-5512-436d-8543-91007430527e,1,63,0.43535540747056023
d4ea3772-4733-4f3e-be74-9566cf8b953b,1,191,0.5300507249763139
a3fe9190-f2be-442a-bcde-e2cf8eb45b25,0,103,0.7830679681251367
9a8c5479-ae77-47d7-b67a-5c2440bdfd38,1,7,0.4802740374793003
e03bf2e0-f180-42cb-a29d-d2bc18ad644e,1,300,0.839659458760009
a5bcde84-5fc4-4958-a883-59103b60bea6,1,58,0.8777018448483307
3c5396b9-4e9a-4543-97d9-fc42383fd8c7,1,275,0.5728959242535678
bafbeba5-7f1e-4431-a46f-791f1344df50,1,360,0.10478478219746945
0f54dcee-b346-41f8-91e1-ec449eb2bd61,1,264,0.867208546178739
f5b14bbc-cbeb-45e7-b037-db5813f327cf,0,42,0.5885895559527029
5b497b7e-5642-47eb-b6c8-d9470803fee2,1,186,0.8237110540655082
3db97496-dcec-4e68-8db4-c6cd73eeef1e,1,68,0.33092606808732095
c482105f-e2ac-430f-a27e-4f1791171f73,1,13,0.691005178242835
793c865d-786f-4080-a33b-f2753a5bb780,1,211,0.47054948226643656
a9570a33-5caf-475b-a071-4cc21f4865c1,1,16,0.7190885879414326
d49c0bc9-621a-4fcc-9f83-7e7c9fd351f9,1,342,0.02454860466957276
499c2cd0-6942-45c6-bff6-701b61f278a3,1,73,0.40904411812262753
67932d4d-3049-4bae-ae58-c43f6d72b65b,1,299,0.7489018972022374
880304aa-8d5f-4878-bc31-a9204ed97592,1,12,0.693894395678926
bf41c753-4223-48d1-b942-104b16e0ca7e,1,286,0.27434463785941265
39343444-3cb4-451b-9a27-5ede81d7bceb,1,175,0.7484203495372413
31e3f65b-4690-4be3-a082-b4fac47a7d4a,1,139,0.7933374104605463
e8b64818-ba5c-4f93-b3d9-b310de0594f0,1,129,0.2094110838411367
39f19c18-b1c2-4d41-9686-5c80c3daf7cf,1,1,0.677442290590646
6a291478-f161-4950-bd8f-ac5f1b5752ea,1,89,0.6408687646464352
10139a01-74ea-4780-9279-6c9f80322f4f,1,346,0.10569211859890482
514f8324-cb3c-4016-a8aa-8a400a6d796b,1,100,0.22866240026922846
de7da061-8ccf-4030-8818-72747b4efba1,1,187,0.07135504010812654
0c81b19a-ad78-42bb-af20-68b3fee23151,1,290,0.4136333047468076
46e54518-dda9-4701-9a2f-d5d11d4972c2,1,107,0.644579751525636
f09eb997-18ff-4bbd-b6e6-6f555932d250,1,101,0.7940938687228107
51f73225-3d2d-446e-9309-3232615e2183,1,67,0.1724559274279165
926d9aea-a383-43c9-9885-4732807abf8b,0,82,0.8290363649067253
d3c3b8f2-51b3-4149-abc7-8d3259c367e9,1,267,0.8798067614066838
7e268fbc-29ac-44ef-a557-ae642c066245,0,116,0.2846153792861589
9b175dc3-6a0d-4a7e-8f95-5f522eec474d,1,207,0.48664827181072534
75a1a3fd-a651-4edf-ac91-e6229b2aaa04,1,149,0.8674790136533866
bacdfb42-764d-4a01-bc06-9bea51d441a6,1,233,0.06936656473686198
9ca3a386-4a0f-4063-abb7-b81949ec7ea4,1,240,0.8559692452179305
de1f6600-60d5-4c09-994a-b1c17cff9c40,0,212,0.5193252717351278
8541a094-b9cd-40e5-b1dc-005666a4ea34,1,176,0.6141066602814433
85993545-e78d-43c4-8ddf-eb5cd22e50be,0,79,0.5700172135491735
a4d0df20-b2b1-4be5-9bd8-49c823e8ab42,1,116,0.950952110573041
0afd623e-f1a5-468f-8266-e0c545dc4a89,0,264,0.055089923069791324
5aec138a-11cc-4983-93ae-a128d517b12a,1,79,0.6911952169808739
83308c40-04f2-4fe7-a729-b341e638639a,1,138,0.44341077413536834
99791489-72aa-47c5-9445-2f7e79be6ac4,0,280,0.17071776981012976
0684ca54-6937-4082-9182-b65c12f5cb79,1,359,0.5163372052100583
8cbc4e0b-66a2-4835-937c-bbcf43830fc7,1,190,0.5647687675322515
d4c80467-76f3-4a88-8282-2fc7c8169e90,1,180,0.8352341869283261
6d6d74fa-7af8-4b9f-abf2-97a91ce9d565,0,231,0.2706967728836752
498e001b-d5ce-4a2f-8ac1-407c45fa3450,1,157,0.5889969055851346
47e5caa2-d3c6-4098-955b-855bec051089,1,81,0.2085145713014449
ba288240-100e-4784-8312-fae4bab1733c,1,212,0.9227518311453067
657e8ec7-5c69-46cc-a3fd-e61dc580388c,1,25,0.15144077857074045
f4d7ffaa-7fe9-4fa0-89b0-477cf4054b0c,1,276,0.8045676779421944
ef4d4638-a157-4add-b9d3-d458d8de7b72,1,166,0.15073134921848375
9424f100-464d-469a-938b-2cc9bc7caa93,1,338,0.29867632601371896
bb61fde1-dedb-427f-9c11-a771ea7de095,1,248,0.8174571692708092
e8d956d3-9345-438e-9264-1b90f66fcf4f,1,5,0.1325116516633913
3b34556b-7852-43ef-8e46-267732e253ec,1,125,0.3374632761656551
27beb998-8684-445f-a301-f7492e100f75,1,323,0.30595853100762205
f9373df1-d4c2-469a-acbb-8fcf166a07a2,1,29,0.8693324239750931
a1d198f4-de2b-480c-89bc-92068329d526,1,105,0.227333474193106
022ad005-28b2-4b46-b7b4-84d9fd865c09,1,217,0.7803661414992646
891b555a-bf2e-4348-ab1b-c322ee3b8ea0,1,151,0.46106501861390525
ae1e0cbb-81e3-42bf-b46f-de2d1f22870c,1,198,0.19981593891909677
210fa8b2-9980-4b2b-8236-506b7cb8f707,1,261,0.26461565617944405
a8e4cf16-cfa6-425c-bb6d-188e96202354,1,222,0.5503141148068005
0fc5142f-8b36-4560-b0aa-0361212b9817,1,277,0.22007299783894874
a662e7a3-9885-49c3-a10d-14c59e43f47b,1,61,0.8246154567851436
1ebcc8f4-3207-4cf7-8c7f-ef303c731afb,0,265,0.5876972456294124
19c0f56f-fd5e-426d-9ebc-1f8080ebae52,1,352,0.4221238305751467
eedbf7bb-34fd-47f6-a6c5-f75af20d6676,0,217,0.28139439117887066
9c1c908f-9e3c-4c90-8ea5-acd4f3fcab8f,1,241,0.24053390092309146
4e0ddc69-86ad-4436-8647-72cf3e4d2748,1,255,0.5357029892815836
e7088a4c-d38b-4653-b8ef-6c3abaa91e34,1,358,0.04854930266713431
cf24b648-2bec-4184-a0d0-1ec74ed27fbc,0,179,0.06596805106219894
6644ade2-7546-496c-bd21-28a4bb9d0b37,1,229,0.17880551801967415
2417bf41-a062-4002-9ebd-7324f82c0f96,1,88,0.5622717036902256
16610a9a-9f40-495b-91a2-42ca4ca2e2bf,1,222,0.45828381601813606
c2187b64-0d84-49f9-a551-264f5c50afb0,1,309,0.5912726871328299
b9ce4413-a85a-494e-bbc7-a41a9a5f24f8,1,331,0.7743136607466168
c81a7d7d-16e8-4806-ab09-a14f1596415e,1,63,0.8589550105532392
f5a0bfa7-b1c2-420c-b6e3-3de4e21a7f0c,1,312,0.22482987934194765
c55b6420-27fa-4bb0-886a-051028af8b7b,1,124,0.5793117573424859
2ec1689e-ce68-49e8-a4cf-c0e1164ea3bd,1,109,0.8525238717176252
7cae6074-de9a-49c5-bb42-213276811da6,1,264,0.4506398673058226
df86f823-68a7-455f-b0aa-b4eacdaf0fd1,1,82,0.8962639395441191
1e7f1bc5-8605-42c7-a814-7a6e3150d8c6,1,5,0.2177889792370895
40bbb258-a735-4229-a288-46b057d805be,1,57,0.10967330612473081
5e6d935b-bd20-4a19-9e15-8cf65fad0e56,1,152,0.7594953894957699
1b88ccb6-9f8b-4b56-bc98-7f09361195ee,1,274,0.821409392215042
d7a5bcc5-d445-4ef2-bd46-9705f4dad724,1,263,0.09756417915780169
f06b83f4-97d0-4611-b53d-a65d23f6dacb,1,244,0.18121245145144216
8703fe88-b7c7-4d6a-b775-4cb9e61a3c82,0,142,0.6834796794592046
0213895e-beab-4200-a7b6-adf576e75141,1,292,0.5958945487905329
d5c477d7-5c85-40b7-938c-2e5aaf31c32c,0,18,0.035699359017433485
0120e6e7-c103-4ee4-949e-d3314d7396ff,1,284,0.2434631897453564
7257c33f-390f-4ac4-8343-ad8c4cffb3a2,1,83,0.8509230807553976
c8ac59ea-5fdb-4fa0-bed8-07055c7e7da2,1,235,0.7322599242168607
c9d16cbd-684a-4aa7-ab37-fd129382061a,1,246,0.1024078515089134
082fc53c-ed47-4dd0-a9d2-1776f8020e2b,0,334,0.21436240152786545
bff5577a-6b01-47a4-9387-25916dce06fb,1,76,0.4795933509184156
1a944174-1c55-4c6e-966c-383c5e6ce78e,1,352,0.07917264026440007
e8df6289-a72e-40fd-b295-d38fe0fd3b80,1,120,0.5437838394695986
ce078f45-4d9c-4628-826b-de0817b0479d,1,320,0.3966520217539038
fcea3df1-5169-4459-85db-bf38e5a72cfb,1,135,0.5207347227383381
947563b9-d56d-46f9-bd16-44bde10263cf,1,129,0.5209980336633286
e933eeb5-3b1b-4a94-ad29-2b26e94d52b7,1,190,0.6087539515581896
2a9601d1-9a45-46f4-9250-40287b98baac,1,166,0.30581901797270206
10463eca-b57c-40e4-889c-7ae59c4c74af,1,161,0.15771482793391567
25048925-1379-4741-a9cb-752f303d125d,1,214,0.37428387116143835
d28d9cdb-a28d-4328-96f3-1ee6ed4a89af,1,222,0.37140000039145704
3faa9b16-fb6e-4a5a-9dee-5d9fbc4ff842,1,113,0.5283571255578514
d699091d-4f65-4fc8-9ccc-9439339b641b,1,284,0.0021349656886892054
a0c95f33-47ad-42c4-b108-edf85c282d4d,0,134,0.11786570755262238
3f6778b5-610c-411c-ba74-a786287bcbff,1,156,0.08625274860340437
708a0368-1be7-4870-be32-f2d1620d240a,1,323,0.7724165490646564
93d0df23-a68c-4552-88c6-f2d8aed47d65,1,202,0.27965518413472545
38166fbb-52ee-4f08-bc25-8f93855398f7,1,67,0.5073397973611633
6062e0c3-5677-4140-90a2-f5cffcb04ddb,1,191,0.2529657463809606
d6e6dc6e-2b6d-401c-bec1-cc2473546acf,0,346,0.4282556754051261
e90ccd18-9bdd-4c1d-9bfb-975241a9f901,1,190,0.9226208184625776
f2db0858-0513-4acd-93ce-73c486013faf,0,30,0.16867147399752813
687b0083-008d-4105-bc6c-04f39564093c,1,90,0.18201973890508594
2b79bb6c-1bdf-4e08-9452-cca804d43650,1,249,0.8119677724778448
1d0bb842-a2b5-461a-a68f-48978525ca5b,1,344,0.7293744895812141
ba89d44c-95a8-4b0a-8ed1-7f0004c2cdb1,1,41,0.38587923764582865
0e4c001f-d66b-4ef4-acfe-26e600f084d6,1,186,0.5585730305394616
8b166b24-170d-4a3b-847f-c34b906c9095,1,221,0.19244977342948288
25f86fe1-1de0-4299-9295-3ba64c2b94e5,1,216,0.3937838227337539
8f78d090-537c-4df5-b46c-731957537b03,1,46,0.5290664907305049
a871a3fa-fcfa-48de-a217-7ec91db5cdc2,1,287,0.44832629220052933
61ead6a5-6636-4dff-879e-1d817773fb25,1,290,0.4576369815768352
4df3df28-8935-44aa-aac4-91bc6650d953,0,272,0.3471749583354373
d4c19406-8593-412d-884d-627c1243960d,1,248,0.2431529086038795
520e9163-46cd-43d4-b28d-e41bf518a853,1,140,0.8032616042898917
ba348d1d-f05a-4acd-a6ed-20cf83cd40c2,0,285,0.20640688948039987
172f75ad-351a-4579-962b-3442e5d87615,1,320,0.7865544080338807
f4d24da7-ac40-40d0-9f74-714e01bcbb9f,1,248,0.6668177067776675
5c0b83f0-2002-403b-9ce3-e1d1d601a362,0,19,0.4946118154551139
5586061c-f199-47e1-ac92-0793d910545e,0,270,0.786258560905568
da34ea90-f559-4866-8316-691abef8aa49,1,352,0.7458452418466919
a9215f95-41ea-44bd-966a-a3066ccc4be7,1,299,0.13382083010534007
57f51a0e-9e8a-4f18-a009-b823c0497df0,0,85,0.4672126867858327
582bfb24-e67c-4de4-9d8f-a424f13bb402,0,349,0.4913156507045757
66659381-68a5-45c0-9620-64f277ad9bb6,1,27,0.48361933797689904
3962a879-dc5d-4b6f-8a08-a7c69b140fbd,1,270,0.648802675679708
c69bb25c-cca9-45b8-9556-d4523d723b9d,1,176,0.6429561884511786
a92fce68-0a4f-4c2e-942f-d2192f9038ee,1,53,0.20497339933922265
fcf0c271-957e-4ee6-b6a7-24322d3a20ae,1,339,0.10274415559219108
34c7f3c5-1ecd-4290-b739-57807fd75228,1,240,0.8816705508830112
9985f1fa-adc3-4d13-8f57-bf0c00f6abf8,1,61,0.9918497802117248
be5c774a-e28f-4901-9e57-22c67168a6b8,0,23,0.4600915767312217
752613a4-1a41-4d2b-be48-e13e67209ab5,1,90,0.12415656695794897
ae3f861e-d2e1-4c0b-b0b9-7eb4a7d1bdc9,1,135,0.8664388314659945
5ff22942-83c6-4f5d-a79c-02480ca46227,0,315,0.30031756762563566
a0338b6c-d54a-4ba5-a131-f8b2d24114fa,1,356,0.18466030651071208
4e0e5330-3d9a-40f5-a9b6-82490303599f,1,194,0.8317819443293819
ee2e5b68-832b-44ba-b11c-93fffba7de54,0,221,0.44960851690564163
0af50f2f-aa1a-4e62-b2bd-50c0b0b1e413,1,330,0.07363865121374458
e80855f3-d275-49b5-9aca-1db636e1b601,0,363,0.20924641876469785
cae2ae45-3696-472c-84ec-8c0faf5a890f,0,97,0.44622002796552274
942783df-66b9-4d71-85c7-faef491c6517,1,259,0.49759981293315036
a8868434-9016-4880-8705-4cad6e3f1bd4,1,172,0.5804041240787449
4f69426b-c223-4eee-8dee-0ad47ec785ae,1,134,0.7718072474986052
409746cb-1064-4e91-b0d2-7171ab1589e0,1,323,0.3722843302155362
96ffa2e6-a94d-48be-a229-b1e3670302c6,1,235,0.1500163292355352
2eaaac9e-a56b-44fe-b298-fcb42c17688c,1,32,0.5567202037488187
bc27621e-6b70-4e5e-9566-aaea33ae885e,1,272,0.016893811935974168
ae08b399-0697-43ae-abab-d54ed880bd0a,1,213,0.00927558025681996
6dfdc332-14a7-4e40-a484-2a322f4323e0,0,315,0.6365588412874269
7d99b1dc-0ea8-46bf-be94-da54fc36c923,1,99,0.934250995424703
2ea9f409-9a09-4f72-baff-d6feeb4579dc,1,184,0.6061409600670712
d17f5c09-b278-4755-b040-32f5e6da226f,0,13,0.5863424436069267
2af18035-8450-4787-9a1e-d7a491125d46,1,241,0.5293502473730273
cc113942-139a-45c0-b6f5-2aedfcbaf559,1,72,0.06669992582125406
f51d4481-b523-4480-9ed7-b7a3768a977f,1,160,0.5243997501006922
0ac76c05-aca0-4784-8130-0e532b089586,1,39,0.1807712752992544
abc243be-c766-4d7b-b0ca-411501990554,1,95,0.7357516038723543
9aeb1e6e-3961-44f4-9517-fa58816f3e65,1,361,0.11003352647809694
2410c511-fd29-43ac-bd17-3b4fc3d17ba9,1,214,0.27313962600167807
30fef819-e812-4dc9-b450-0caaa602ec85,1,271,0.36813918529701994
f04a2e5b-fe88-4036-9122-774d90ccc533,1,204,0.662409737934498
ffdcdc13-725c-4120-968b-5e7e533acd57,1,232,0.34794834919850814
78e31615-ff00-47dd-9441-a5764f240e66,1,39,0.13429191297074328
ef91b681-0ff6-4879-aba0-31c2e75089b1,1,174,0.4962112083060972
3c994834-c667-4137-b4a3-0d1df90c1840,1,126,0.885913362878257
c5ba4b2a-777b-4811-a5ab-36dbdcd0375e,1,95,0.5542673622761818
04fd2974-aa48-4367-bc17-e6a76f00da54,1,117,0.36484816236924345
7116ab65-682d-4d9e-970d-148f56b46719,1,198,0.0595425117996643
794227ad-94b3-463b-b575-60dfd960d71f,1,23,0.7904516937209544
c091869e-4a24-404e-8fd1-d4f4248e33f9,1,267,0.7747403620036204
c347ec9f-3111-473a-90fd-4a616854db9e,1,192,0.835696720847494
fe974c48-74ca-47a1-aeaa-c726fa1bddb2,1,30,0.3739656755177818
cdb9428d-b996-4fe1-951c-e2fa8248d243,0,37,0.9886437359088366
2ce1a006-8ed9-44bd-93dd-63e408e66536,1,53,0.6444507801178899
f80ed92f-f8c9-4183-bac5-d0273f50b322,1,176,0.8584756765992009
e415924c-3557-4b61-8508-2e363b83aa30,0,210,0.6023918587577284
b6588001-845e-43d2-a716-7b44d301473e,1,125,0.2684230800973151
b66652ee-34aa-4fb1-8555-f63f0123b618,0,6,0.8179108212687665
bed5e452-27b3-4ffd-9114-f88807efc864,1,30,0.6356555137056249
37b76de3-cde1-43a5-af8b-0677b0ebf363,0,152,0.5859069839813895
df0f98f8-a2b7-486e-a671-4bfb4fb8711c,0,243,0.35587171607715107
fc6bd734-a11b-438d-b306-136aac92d013,1,91,0.7655859779101214
0e33bed8-081f-4e6d-9fdd-c3b5298f0dc7,1,319,0.15327279303282504
2202d6a4-416c-4144-9f07-43d2846e566f,0,128,0.6100209555580798
47a196fd-88f3-4355-a805-23cca7b3d131,1,326,0.8500499039383657
dc05e132-7b89-46f3-a303-85e0ff95ddf2,1,284,0.2708407867266951
abfcdf12-8da6-4b3e-b3ba-4fe6da7488fc,1,137,0.3945404887232502
5f5b1600-2c7d-4204-ae90-9be28e93687f,1,94,0.25859011502063733
dff68006-75fa-45a6-946a-c7e56a12103e,1,173,0.3189955326417847
b8e8a2b1-cc92-41b8-83d7-cb82dfaec1a4,1,220,0.4213655541406579
3ef3e3bc-e16e-4339-b59c-952697362651,1,145,0.23309952395575306
73e53f0c-8164-4c0b-be85-373987866392,1,59,0.9668455817969146
b483d3a5-37f7-491d-bd65-3af72364e38e,0,18,0.698509532701247
169f15cd-8293-40f5-9ebb-59e8d219d9f3,1,100,0.4366019860760726
2eebe6bc-f844-4a14-b3b3-615d1a6098c7,1,103,0.765412576802891
6309d3af-f2f8-4b0f-8cb3-40476abb8497,1,183,0.9783649355598666
11e8e03d-0e2e-46f1-8727-0b7509867386,1,99,0.7100599076110502
03a0a498-2f3f-4397-856b-764df1c94a1e,1,96,0.2019648377749682
5cb1d167-9104-44ca-a4b1-184320580c28,1,103,0.741147851852558
85a7616b-8c6a-4e93-a6b1-b1af7f83d2f5,1,96,0.7944525536578171
c2b4038c-7a8c-431a-940a-9a10be79fcb1,1,361,0.9547667208327678
a0712fe9-3d60-466e-9477-f566d0aeca27,1,168,0.4875877264847862
7fe19d37-07ea-485a-995b-ec83186551c8,1,295,0.525020421522497
c05f6409-ca1f-4cfd-ada6-7a504225bda4,1,235,0.07938956357842453
e0ed7578-4b85-46b5-93ce-8ce56baee098,0,160,0.7294652591049847
02733443-e6a4-43eb-85fb-7f3362bcdc09,0,213,0.15052690449370765
3105cfe1-7110-4c73-b8d9-eb6c9cf95831,1,290,0.3970868069634882
5a6c65c4-20e5-48ef-a172-c622ef9eeac0,1,319,0.3619419871135807
3ae941bc-613d-4d17-9d09-6191c5bf86ca,0,209,0.6878345599602053
6ad7e363-786b-4613-9c66-6cbcf6850e72,0,101,0.658294356924988
f0b1eb7f-ac47-47ae-adbc-5517cbc3321f,1,239,0.15750185976085818
2584ab2e-24bf-4acb-bbd4-37b0ddf91ded,0,293,0.13318948444016665
5835b324-34bd-449a-a74a-82fb799efee0,1,272,0.459182678820505
5499b3ef-27ac-4dd4-8aaa-2f44c8ab6109,1,304,0.17254699029342546
2349981b-469e-4443-a85f-585e47362365,0,34,0.11552002552347884
8a787197-7edb-48de-b4e5-1748600f4dc6,1,173,0.8531755995058246
6d3f6ee7-d767-4158-a45c-44e4803b49d7,1,363,0.5778134404615165
fa6368df-c4ad-4110-8c0b-29789440c059,1,116,0.24398487197474406
702d8027-7d7a-41e4-981e-ca0964b50fd1,0,48,0.05224697016034807
d87134a4-b57b-4f1c-8ba7-bd053a851cff,1,149,0.4131991336591416
75e875b0-6890-4020-b7e5-310f26677ed3,1,327,0.6644362358060791
94a3e82f-e860-47a7-aa0c-f20ec27ee516,1,364,0.22106183017459347
cf6ee698-e702-4f3f-96d2-dc89b52efc3a,1,201,0.9332406251347292
3f497c9a-64d3-431f-a653-bbc057636503,1,215,0.2823135016828425
2af39a72-db72-449f-be5f-5b58249fccf5,1,52,0.005659592950117309
4c17980d-8f2c-42e9-90f3-3a1ab3712874,0,246,0.34413293199178485
39d88c7f-e4e0-4cbc-9b52-31e84bbea1af,1,292,0.2960412659123195
a6518595-c0eb-4699-8ab1-a8165ac15415,0,60,0.09852427307420453
56d22b15-c140-43d0-835d-f411b7ddb777,1,160,0.4619802075240905
b20014d7-3432-443c-9436-ef8bdb6b2532,1,276,0.4544263295402615
ef35877c-2720-4861-a7fb-98a74a673b01,1,217,0.2403336007591781
4a038e4e-ce78-46ae-a197-cc57a3c34dc8,1,38,0.6652594986365955
31ab8720-1cee-4c9b-9745-a24eb70a022f,0,121,0.2857433834120764
4e6d4057-4882-4093-8e41-6106b458c9b8,1,196,0.771412257904132
ee2d4999-ff0b-4ba7-bb36-721f227eb1f4,1,1,0.02824584692057497
90f8a62d-bf5c-49b3-83a7-4c031b532ea1,0,315,0.09399199977309303
233c736b-15c1-42d6-8402-2de9e8d668b3,1,284,0.5884387064107688
c5d90270-4010-4ba9-a570-85cd1ade0e8c,1,251,0.09385471474992779
943f19ab-89f3-4530-852b-04af1b6a07f1,1,17,0.5682271845189152
288bc418-4139-49f6-a2eb-e41105d32b91,1,10,0.6817734464157346
b9a98e8c-7f19-4bb0-8882-426e4e2a2665,1,90,0.823094008031231
c53991fc-78a4-4f00-97b2-3a2cbf909f1f,1,252,0.658846756506315
2077f2a2-db5e-4d17-af92-6287d10eae3d,0,107,0.1663308485389925
a25c2dac-2231-44cc-b456-ef5f1d96408c,1,336,0.7572653653644693
a3a5b324-c2f8-485a-b833-5e518c6594f8,1,272,0.47007563917117556
aa2d432c-8b01-484e-bb59-de42c5d512a7,1,144,0.5710805971100229
f2db435d-043f-4fb3-883a-87db6d143109,1,293,0.010252141211891774
28c964a2-b746-4605-b86d-ba787d056b4c,1,322,0.6597459064997054
71569afb-8f81-4bd5-a26c-01d7bfd2de78,1,63,0.6995803845420382
04a2a710-3536-4437-b216-390a0bb6da47,1,357,0.40637358919149913
142e843c-f88f-4425-9cf2-2869f50548e9,1,151,0.40961201830112204
85d82b5e-5254-41b8-8bb3-e99859d7ceb9,1,211,0.801317215238259
b5ab7836-ad78-4825-bd69-e1f2766a4f75,1,29,0.5931372685388928
7aa08200-f107-40ab-9f27-88d4afa73066,1,269,0.14094698627016222
30ee8470-9e04-42da-b4e2-c1c32c06e8dc,0,143,0.3006076226360659
fcd854f4-20c4-445e-af0f-b3f4ecdd838e,1,238,0.6903601297902082
584f3f07-fb33-4d39-8ed6-a6f16c9bfd7e,1,348,0.6620091551877172
e7dda509-b42e-4624-8993-9ece7b991149,0,117,0.3953081747341147
9e1e1416-5991-45c8-b348-9c5b584e0aff,1,201,0.28540753517213613
55dede5a-e659-4190-b448-7b60b5812a2f,1,280,0.15359295621643043
e486b9a7-df58-473f-a746-9dd28f7e24f5,0,277,0.6172817089465621
62d3a7d5-81f2-4df9-8043-08732c17d1bf,1,323,0.9766587086137791
0325e5f1-97dd-48d1-9c34-4eb3f0e67317,1,350,0.7967860151309764
d7c8467e-8413-4162-bb6f-a11539c90c69,1,226,0.1635412334132681
f2a1b2d3-c636-4fbc-b811-02c7ff1ede38,1,245,0.3911043910491594
a23f2129-7f15-48f9-adc0-9dd8de9bdb53,1,115,0.2787046179617424
1a25a28c-86fd-4ac6-8c9c-ed97abf593a2,1,304,0.28081023436012986
ebca0926-59f7-4204-a384-aeed53728b2b,1,181,0.5221320475842215
dfb02de8-0916-4858-9979-c09799bb8edc,1,12,0.3619541245684966
4641deeb-7235-461d-8282-01e613027fb5,0,267,0.6683841124861926
2207b011-4800-4448-aeda-856debdbeea2,1,275,0.12754311569325127
54cf610e-bb0f-4fb9-92ec-6880c66d467f,1,174,0.9535497748399004
0df44c1c-d67a-4f57-a566-66983eb4c71c,1,261,0.1903244285170893
a79cf923-a571-4f44-9d80-e33ccf225046,0,342,0.04373114722584914
2b1bd648-44aa-46da-ada5-6a18f53af9e6,1,39,0.11059634416293829
93ce2bc7-8818-4564-957d-a83480f56855,1,130,0.5091079909232309
05b67d1f-e9d4-4763-abd0-f65c2b0fdb61,0,131,0.7641770799066475
0ed7d653-367c-4e6c-bd03-ed99d3463d3e,0,364,0.9527266159525035
fc52cd42-fada-49ef-9b1a-ed8417a5a04e,1,190,0.18825062281988258
0170ed72-2f7a-4f91-88fd-b63da89e9f27,0,79,0.4408693024943221
82113a3f-3948-464a-8fe3-5bef2b76832b,0,126,0.6981120185879643
0ff15e51-ccf5-4bc7-9fe5-073a1f1d4a4b,1,351,0.2026618700277637
ec91e594-fbff-4a6f-97b4-e6d1e1189969,1,141,0.37271444123029096
1e9db6ac-db1c-4e61-8ff1-87e44d701124,0,45,0.5005077916835367
9325baeb-d022-4f3a-bef5-334f77e9eeae,0,118,0.6602284892152992
1a12a5d4-fe4c-4e3f-9b41-26a105781fb4,1,219,0.21435221544178185
ae5debb8-f211-4dfd-883a-2e26e8c136df,1,95,0.06872171798488691
671e9ba1-b492-4aea-866e-392f3c4b1d54,1,27,0.7264038808136938
49014caa-5f0d-4ccc-a666-2430c030bcba,0,167,0.25746454384601136
b4a7947b-aa32-4650-8809-c23d217f0e9e,1,72,0.15292079181190077
db3856ca-fcd4-4549-a5e8-7172230b7ae2,1,339,0.9931213745759585
aa1dffec-8ede-4d3c-acb7-a10871d1d0fd,1,79,0.603520168635484
20e19361-a217-4227-b865-a6458837553b,1,140,0.9383289646034252
aba8b34d-faa7-420d-befa-f623a4179a1b,1,9,0.08899281394664904
f3dcadb9-a874-47ea-8c18-5e3f119ef474,1,233,0.6861164994714896
d64970df-bbc1-416a-b785-d2e01b7210a3,1,327,0.8191816265944908
8b7e7694-0bda-4f6e-bd38-b959e358897b,1,235,0.8138169213697335
af93a699-635d-4a7b-9f2e-89f6608c7a92,0,249,0.15611779324835673
5122e3ad-ac26-4a6a-bad1-7c6730ae7efc,1,344,0.2565319981383487
374b5371-7642-4091-b8f1-c5f12eeff873,0,300,0.07856738865444468
76de5bd2-159f-47b0-8009-f13ded7875e0,0,201,0.8927335305222168
8b874e29-da5d-43c0-8d61-59275d0b1396,1,214,0.8862652422900273
99a1d478-02f1-4a50-a4f1-c9735d24dcc4,1,362,0.2831840839945666
772af1df-27a9-4ecc-b31b-3ef6dc641c1e,0,220,0.32567354877671584
59389555-6983-4cdf-88bf-2c0fffe43b9a,1,158,0.3061512783410142
1e151fe9-d1c4-4902-8a67-082f12323b78,1,307,0.03480241835905018
e8c61635-823b-44ee-810c-19c1115418f3,0,296,0.5097277914439751
54136480-7846-4e8d-93e9-abd927f1389b,1,121,0.8329350773635569
57d01fe0-50a2-4b04-bcbf-78c2e1cb0e1e,1,308,0.29437594540552603
f6faa356-e07f-4ca9-9c64-3d716b88d6ab,1,147,0.2998919434432993
6a3e32b9-a045-49da-992c-6645fb368912,0,14,0.49335169004334023
0a557435-97b5-42b5-865f-fb9a7a2de0bf,1,50,0.6988478486847346
b9eb4abd-0dea-4d9f-ab02-cd37e03e2a22,1,312,0.4767858473648844
cae938b2-6812-4f33-891f-d0ad1bfa0174,1,170,0.332778672396441
c579fb39-e2fa-470a-9fe1-6324f3d012db,1,141,0.7874188209240723
6c40f996-f70f-4888-9439-d4046215dd53,1,229,0.6329086935679373
3eeaf555-b46b-4f53-ae02-f94c9ecfd44a,1,38,0.04143874575714657
407158f8-aa69-42ee-8439-8afc46a47d44,1,10,0.2889409300932716
97770b81-b6a6-4ad7-a255-5c5e809d1cbe,1,229,0.9763923424624324
7488f9b1-dbde-4c3d-880a-06af9331dd2e,0,3,0.3308430178815217
34a92129-39d0-4af1-b7c9-ac43f93ce192,1,193,0.7400842989889009
71812016-3b78-49ce-a2f5-88e26df5316f,1,332,0.9722699212970234
351d750b-0984-4a6b-8b16-6443b3012e39,1,170,0.32580904061294735
9fabb97e-4f06-4454-9bf6-1b0eeb132dd2,1,71,0.08408435960130856
5c0a965d-b1c4-4e1b-9fdc-528c95cba876,0,186,0.9182576214853924
ade7a540-da3b-4e1e-a555-93eba83e8a0f,1,256,0.9149586902082224
686b72d4-2819-4ada-b245-03774ba3b101,1,205,0.7674406171761922
efcaf477-fdfd-4759-a393-5f25bf04d65c,1,35,0.127491098838595
d20eae75-1063-4014-b8d2-fbc51c774db8,0,303,0.1491509141466404
ed4aee6e-a7eb-4e84-a64e-701f89c4aaf9,1,11,0.011961152985257573
c0f8c7b7-632a-4298-b033-998c663ae250,1,233,0.20916144135663362
708f457d-382b-4760-af0b-9f6154b9d3ac,1,60,0.4942655854051904
6b320446-21ad-4454-b529-5743634e94b8,1,154,0.9912732930022976
2166a0b9-c6dd-4af7-a66d-e100b79d8733,1,101,0.8639156854222657
9be1cdfa-6fee-422e-8bb6-eb1fea056a37,0,206,0.8095199204457362
f7b9505e-3f50-4c05-a998-dd5843efdd7a,1,312,0.9966590103683396
46d8881b-8109-4631-abc1-8e1e9d8c2b92,1,210,0.37344935271700885
04f4732a-b4d7-4a19-bd80-7714d91ddc0c,1,353,0.08275117581487534
fc2d2dd7-93d8-47b8-a5bf-82690fe40cd2,1,154,0.24720619789957798
20a13637-12bc-4944-b124-8596fd6cafe7,1,217,0.9377921233269693
e9d1c8a2-65e7-4bf1-aed5-f3e772478066,1,244,0.318044190622889
86e78d6a-90dc-4885-aad8-49ccf6417abb,1,244,0.7360914421074843
3fe12773-436a-4575-ac78-f359d7044c34,1,198,0.3492069643963941
1db43cf6-2d0d-4e07-b7fe-19829d1b62cd,0,232,0.5864732400836069
0591127c-10be-443d-a076-daf60711b886,1,202,0.4438557201690748
26c6bef7-d33f-4ca0-9e6e-159339fd6ee4,1,234,0.8985553018424842
c39b8a76-6264-47cb-ac6f-62f696f5b9e2,1,132,0.77415565873495
b893378f-7970-47ab-a228-c05f459cf923,1,8,0.12714829626482727
1614f949-c550-4f74-9a95-e25e7c7c5e6d,1,211,0.3400525604643687
cfc72f49-2166-43b5-856d-b2d89874e5ab,1,71,0.6822712390233169
a0753b52-d32e-4a6f-9994-5183f002da4c,1,47,0.32986211080610517
3e4078dc-be7b-4226-8b9b-4dc065165040,1,292,0.8278511057659093
663adf5c-98dc-4099-8c22-4aafcfa14cb7,0,255,0.28355900167528336
d9728e3b-ce82-49d3-b944-aeac77404d8c,1,201,0.42167828296083576
7cc8ee2f-a63c-425e-a187-b2485ab8bcad,0,39,0.43319302536782267
56b26633-8221-47ec-8e99-ac4144fbb72c,0,291,0.5182628817965933
a203cd71-459e-4b5d-96ad-377fc1853dec,1,94,0.3860900640371634
569a3b93-f454-4083-a078-fbd2c0de15f5,1,165,0.7447700368642153
930d5098-03a1-49ce-8c8d-37edb65bafc3,1,361,0.30159312110406433
f95554ab-85cc-49a5-80b7-dc359c394ed4,1,225,0.7419172053253894
b164b6a0-1781-4add-894e-e25f2a1b493d,1,91,0.6410116125312504
ce9a075c-e373-4121-b83c-d858565e6898,1,112,0.8121624274434777
2be5c245-9b08-4237-8796-9404efe87a28,1,25,0.97968094308737
faa79d5c-e7bd-4984-8124-51c21d42446d,1,117,0.03348203680997297
6be5e1bc-ae3c-4c08-a0fc-9e0f95192dcc,1,142,0.9335796693114813
3f1f8f70-68eb-4c0c-84ba-ff0f6e3718f2,1,332,0.1839757685221346
d8ac107d-cc59-47de-afab-b4c30333c4d1,1,265,0.45808570403169213
0d3b8cf9-021a-4d1e-bb14-2ab5ea4aea37,1,163,0.17226866188700407
88342438-32e8-4587-8d73-a8d713df3667,1,199,0.6525898974639227
de46d406-40af-47c8-a8fe-e64c34acbdab,0,255,0.8931836832635918
2e6ede16-ecda-4c53-8e73-c01015b06ee2,1,145,0.27739784379522925
7829ee39-254d-4af0-9ca0-be610f1a2b2b,1,310,0.3766423111104309
75c7ec6c-cee8-46a1-aba3-a8ea3c699429,1,362,0.517403333407166
945c2acd-4d12-4348-a4f6-9ae03e5ea9af,1,192,0.7118327880796027
d1929452-85db-4bcd-bc85-19c14f5a22ea,1,43,0.22168277573438677
dc4df09d-be7b-4c9e-985c-9581b01df63a,1,207,0.6317776685547921
d20c1493-a689-4c9d-962a-f60bc910685b,1,37,0.6549834154697831
3059e7b5-cf1b-4886-bbb7-b977ff4b2e2c,1,154,0.3314010626728584
77db66eb-bfd6-49e2-9b3c-376075a459a1,1,257,0.39487771810013994
2a075eb7-7536-49ec-8198-78f07e0d7066,0,55,0.9094131698848212
8b430580-450b-4631-bc67-816d26b75ab0,1,153,0.38887758310959364
ec4992b2-613c-49dd-8f02-19bb0266f371,1,75,0.3660435191375162
ca6dec29-a23b-47f3-9c42-1c42a1ee2112,0,193,0.6877600268291625
9a6fe70f-dcee-4cfc-bc3b-090ac14bce69,1,303,0.14854494983551114
5a7aadcf-0d01-4bd5-a955-63b33b7cb2fd,1,71,0.9568123209456542
39dea37a-8e59-408b-8b73-33013a02bfb2,1,27,0.962438339852708
20d8d83d-3a49-4cff-916b-e3b0ca0fd7e3,1,246,0.10902382200197602
c5006c3d-ff2a-47a4-86ad-1828130467d8,1,131,0.6473742489734085
642bceb6-7c2f-4639-aa71-c36f787bd9fb,1,177,0.8271266606574919
2fcf501b-302d-4a67-9700-2c662c6cd5d9,1,176,0.4582357957208254
88ac0eae-8d2c-4622-8356-95aef310ceb6,0,316,0.32494299977113106
6465dc5b-83e9-4e31-8dc6-8ddfe38f47e4,1,117,0.1724291002297611
39a2ff0d-cc04-4a63-95c9-a4f007ac3da8,0,53,0.4567151480366748
a570ab42-66e2-4d5f-b38d-8b4fb67feb79,1,141,0.9319283953604016
4eae90b2-d050-4151-b738-cd0d83b4932b,1,224,0.6715611673811237
a998f9ed-4401-4d08-9f6a-e4488e185e15,0,74,0.9207208785681913
fac3e6fa-52b3-4609-b56d-e70b4eb4b3d5,1,305,0.431246493597365
6db6d9b0-6f8e-40a5-9f22-70dd92beb31d,1,267,0.8648658998208624
f3773e9c-c903-4e0c-bb46-1aca0ed31cbf,1,204,0.7393119119414152
c0b6235f-589b-40f0-bbd7-5033ae344f26,1,6,0.9664835322927614
028f5c88-8dfa-410a-adc5-ce0e80f57c67,1,260,0.455198455128317
30ebbdce-c26b-4bd8-8d65-a78cabd70554,1,330,0.8481349442657442
08e1d068-e951-4a27-8a97-b0946afe2f1d,1,256,0.9799375299765231
e1fcc9fd-b44e-4182-a5cf-a3828521a254,1,13,0.2234947126355613
7c651abe-06e9-42c6-a597-b1c80c159e76,1,322,0.4364315813901344
b441e93b-19e9-45aa-98a2-257c1777a221,1,313,0.3567350175806936
79fdf01c-58ba-4284-a355-2af3641c0527,1,279,0.9995941678480031
7f45b32a-f69b-43fd-9c25-227bb16d2e4e,1,336,0.6343108164223731
910e4252-9f00-4f22-838b-702719b24b57,0,227,0.7563905988016291
47d66507-4f78-4358-bf8d-c7b8680ee16a,1,336,0.963354252111487
65d0636b-e460-40d3-9563-ec0fbfe3c5b8,1,208,0.44629785216400464
270248fe-cb51-43e1-959a-6c09b6ff664d,1,291,0.5206740184568275
b2b53a7e-0612-4391-9f2d-fc156cc44a3d,0,109,0.4962820542145824
9ddde08a-a22d-4bcc-b072-d271acbed72e,1,146,0.7744909497725252
7b5dbbac-6631-4a31-9b12-1ecd8e436d11,1,125,0.850203890589977
d1d1c3f2-26de-4473-b3fe-805a6c62cd26,1,18,0.18692172729752987
bbd6ac93-2058-4662-9fff-2a54cce485e0,1,212,0.003031268743194593
8df63065-8f28-4b8a-badb-8609e02281bc,1,273,0.089397667293038
a650cd8b-b334-46ab-9efe-5951db49a9da,1,104,0.5238567737931442
84104f06-3928-4e30-9bc0-ebb6076dd714,1,283,0.21820553292906986
4754272c-cf81-4be8-8418-1a3572d10ed7,1,19,0.9633634531964418
f4254250-8e09-4594-bdbb-5677110cd927,1,353,0.1583198212334873
054dd775-41ab-46d6-ae3c-210c84f29445,0,21,0.9719247532547891
7d41372c-0ff4-4941-b036-56b9dc48d23d,1,54,0.44349608636485904
add1591e-df77-4121-9936-db9b16270794,1,46,0.7171006578544933
b16bb6b9-39e5-4678-89d4-aa0024f3d394,1,222,0.6591976254335266
c1af9917-d3d3-4f2b-bdbf-bba8dd5d9089,1,65,0.24039602458314457
2ec99e0e-cc8c-41f0-9591-e63c36dc31af,0,213,0.13729857955610936
488e0c1e-6a4e-4019-8af2-cc3bb6a1c341,1,335,0.8615356662555911
bfd416d0-9597-4853-a3d3-a7aa9056d939,0,307,0.5216822818507741
00328d04-c112-4059-b154-8ee8d3b7a681,1,135,0.18317970437303333
7ccd9016-eafa-4012-bfa7-66633dd662a9,1,137,0.8734477159071835
4f5014fc-72d7-4ccb-a4e6-993263292841,1,254,0.2883369650993759
4bd09819-e8a6-494a-a264-ddd60b372460,1,107,0.8074816190229049
48434c58-b412-4f45-87c2-9d5c95577aa7,1,69,0.32601179165938265
3dfe8ca8-1d10-434e-b5b2-309c12b522ca,1,170,0.06847250634558055
8a1ab65d-43fe-401d-b994-4ac831312858,1,322,0.14586508534812204
210417b7-7c80-4fe6-8ea0-516f6e6ac806,1,47,0.7435904722810232
20cdc92f-190f-4cbb-9d57-108f16e52b5c,1,345,0.8581810646285334
221d8f5f-93cc-474d-8dde-c9d936092595,1,131,0.5670888826355381
49254cd7-6d00-480c-a18e-a7f453a0455c,1,173,0.489843143898534
44093f87-75df-438e-903e-ed4c1ee9ea24,1,360,0.31912792109405685
3674a517-6e99-4f7c-a4d2-b39cb173c6dc,1,121,0.2360129985688555
264b0150-9eb6-4f15-b976-431e0e740864,0,266,0.741794799315103
99fba7f2-29ea-40f2-a5c7-bd585c3c6818,1,345,0.5928725302856482
2779660c-2001-42dc-ab99-10ba2987c304,1,123,0.9960259515341602
5fe2038e-584a-4cf8-8578-970cc5e604db,1,213,0.6397761366144725
1c418e0c-595d-4dee-9fb9-3d0279b67f44,1,96,0.8989586673505384
7942be1c-f2b4-454a-8c38-4014e4d36eb4,1,173,0.4860646697617428
9fc36896-e1aa-4955-b3fc-8acfda23b684,1,166,0.4436164940573427
d5d0b04d-5e60-49e8-9e9f-987b4187e511,1,271,0.09260415334644201
2e2ab2c6-8a83-425f-8d41-c011f8d05937,1,329,0.8150116807037046
31ce9113-20ef-4155-85f5-e2f05b1c76d7,1,299,0.9698825955074335
c914895c-85b5-42d9-b51c-cfb4b9459e5f,1,342,0.780072191955841
6d248da6-e1be-4800-aef2-25c2a4a906df,0,239,0.9039374090762263
7078a723-7b28-4b1a-b70f-8a06df2d8776,1,342,0.2128906922221091
cc5a0d6f-b658-4496-8591-8b19f82910da,0,91,0.4337496696222358
dec9e9dc-82ee-4af4-99a1-c377f5a595a0,1,87,0.8512471948820155
0608952a-200f-44ff-bb9f-0c9abc74422f,1,152,0.5715215203970466
e18b818f-2ed3-4aae-98cc-8453759e324e,1,268,0.954051626096175
36bbf227-568b-4424-8d72-4152d785c549,1,116,0.459390784124734
e5396c28-c0fb-45e6-b2da-e8fa30ccc10c,1,119,0.2995204601716114
43bdedbc-58a9-4503-804c-69f3e05e5702,1,362,0.7369992264111678
ec9e6e4d-c3c2-4218-aa2c-db6f0b4c72ed,1,135,0.12169438078277217
765406ca-07aa-4d1b-92e6-c13de4c3fef4,1,25,0.4376497380552088
2558fc10-de7e-43b3-aec2-2489d8b363dd,1,208,0.7174340176181784
a455e406-0291-4884-9bbd-bb052d4ac28e,1,261,0.2745681584532874
7ee6a154-3dd2-463b-9186-9a062978ea06,1,301,0.6829217303172916
82c912fb-1391-4330-8007-6f062cce5c67,1,291,0.16568951412678457
b1923bfb-41cb-43a5-be41-3f9763fdf79d,1,83,0.9024762914296175
ee933707-889d-4c60-9840-02c486a770aa,0,284,0.03818411988441506
e90e9c88-d534-40f5-8bd1-0e658a76ba91,1,343,0.8722111549262417
d61a7920-5c77-442c-b94b-4af27fe90670,1,25,0.728601701964903
c5d5c784-fe52-45c9-ae43-1cde84bd9dfd,1,364,0.12467018506342331
3393179d-d5c2-4446-a88e-fc5c471ed694,1,192,0.4727388474830089
ee7302b4-1448-4784-bda6-4da3c752742c,1,38,0.25828142144509525
5e659473-5116-4c86-9956-386490bfa0b8,0,234,0.39502766499219377
91a06430-c244-409a-86b6-f364691fec9b,1,322,0.5835716014069162
95b65e1f-8127-477f-ab0e-e5198f4ead40,1,359,0.6751071622611268
21066aec-590f-4a2f-9bad-beddc12148f2,1,293,0.3416849367114989
89907079-c02e-4851-a9d1-8434df9c0b2e,0,355,0.6430350077609325
32a25fb4-5003-487f-addc-c5c3725ce4d7,0,33,0.5939031891761148
55575e4c-2d2a-4107-844b-2134e61a82c9,1,56,0.313457125512538
2a5c9a9d-c1d1-4f8a-af76-a5912cce7c54,0,24,0.3652040699379737
4dc64c95-df11-4283-a98b-76fe67fb2157,0,194,0.6356906304125812
058cf420-2509-45a8-aed1-324852e942b2,1,141,0.03540840459493333
c53cb5ab-9c2f-40e3-8f63-da0e11c5eca6,1,276,0.7206537277423294
2b1ccca7-b93d-4f21-9142-d53134197d2a,1,128,0.25712604767161895
68f8cadf-9ba6-4609-bf7b-76ad5339f800,0,162,0.9057677064278381
83cf56cc-63e6-46e8-b383-a93e2e8e4b25,1,338,0.3615438350433413
423ae9fc-eb52-4538-abe6-c8308779cce8,1,217,0.8654283747911571
38cae724-18b9-42be-af19-c966087bb0ad,1,140,0.6349982834860555
0adde346-3c99-4967-bb4f-1869490bfc45,1,290,0.8891553680929667
a05d4197-4525-4959-8db3-7c516cdca3e9,1,240,0.03692360066154532
a84e61a8-3bb0-483d-b4b2-78840403228d,1,262,0.3279672080748426
01edfbd7-7cca-44e1-8bbc-e36ba61dd23b,0,292,0.19537367890783364
4fc08911-c2b0-4b9f-b5b7-7f971aca04b5,1,164,0.19896225444017623
adc3721d-c898-4e11-9daf-7bb787210e2b,1,65,0.43062279111133683
dc0e3f86-d79b-4fe6-9904-2ee675fe6c96,1,164,0.3720990564088289
10015691-bb5f-4a19-9916-b93d85b084ba,0,75,0.9917238782580085
a221365b-0587-442f-853d-b57e650ae8fd,0,281,0.695075482098677
451df684-07e6-4f1f-8fa6-5c9608e74a5d,1,171,0.9803204849171047
cf8cb62a-1d2a-41d0-bb65-e72c0815f5ef,1,340,0.09504918872062307
d243fcc9-4dd6-465f-9785-2e3067e40bc8,0,357,0.18813105089229554
1dac5cb0-d440-436a-b6cf-311a52a7c0f8,1,50,0.5739957469442702
739bfecc-6780-4eb9-b72b-1d923b513986,1,239,0.3034511208876852
4787a153-31a0-4b69-908e-2b4e24c82838,1,87,0.43200946392245376
2b47a7bd-d376-4e0b-997c-77bab2169003,1,203,0.6731054938727618
973eadb8-2f6c-4037-8694-5b8d963c5e94,1,65,0.15753888165287133
1b6bc315-b213-415e-8878-ea894dcd7089,1,305,0.3230529394441699
60af351e-5855-40c2-903a-935b8e6d1c3c,1,114,0.7347533222284112
3453af66-eb88-4002-9cbf-15f20c627e1c,0,280,0.8401999280865186
bfb6635c-c5e5-44fc-be86-0ea57bfbc818,1,279,0.2516324150703103
763d412c-ec80-4f03-848a-9e208aa4b832,1,289,0.4079756466636314
960e88dc-3b94-4b2f-86fa-f3abd7018671,1,111,0.6594001105045196
4767d3ed-515a-4d48-9021-fc56b6e51881,1,143,0.7036377198483597
6ffe6159-f237-445c-993c-2d8be4451f3e,1,207,0.8919885638786517
bf5cb681-3e95-4398-9dad-9753d69ef40b,1,13,0.025896087040460425
8f720017-1b5b-4fa7-834a-7a30a291c658,0,2,0.8611895478062371
13b2d017-cb63-4331-81a8-8effc4a608cc,0,98,0.12691815178692367
c19ade94-01d8-4cb7-a195-f08e1de154cd,1,326,0.7798119754062934
74185af0-be1e-4943-899d-dd448f119110,1,199,0.4980044155025821
3069719d-0c4b-40ff-a152-161cf5adad86,1,216,0.44958802232618733
2f2356d8-eb98-48a7-b10a-aeae833ba31c,1,38,0.1456003845125703
951fdf1a-c17e-45a1-ae26-765133f5279f,1,162,0.7669421541139774
c5468a74-aca8-4821-860e-bd66a809cab5,1,217,0.4050140208683737
ef1eb2bb-68a3-4378-8f3f-caeaa2f1807d,0,155,0.20331970195299776
5babfaf6-307c-412c-81ec-82643c222738,1,152,0.818685148694004
00fd93e0-ff48-44d7-9b2c-c53e38e8db2a,1,290,0.41016110390190474
e4020505-cfdd-4975-a367-aaee792ab30d,1,40,0.46802821624464175
8a372580-a5f9-4214-ac41-60d017ae649c,1,125,0.5690906548736988
739d51d0-6ff4-42c3-82c0-c54f29f5e849,1,297,0.22001301760097558
02ef7153-0e79-4ebe-94c6-a5b1302b6f40,1,136,0.440590309820322
217239ad-7f1b-413d-afae-b3c186ce4586,1,88,0.797036007757183
eae48fd1-fe55-424a-827a-665e7149bf8c,1,284,0.660551777757903
98604725-d368-4833-bc0c-022586a5cfb8,1,361,0.956377503517333
ae2f16b6-2cb4-4b61-b3d1-1aa8d9395442,1,288,0.9004916704508753
25a65894-6831-4188-ad63-0a02c68eb61e,1,100,0.6534226549639998
34c6b0ea-fd45-4add-b7b1-db6d5233b311,1,286,0.10858896497088588
2b122b32-a9e5-44aa-bda6-a107f2df9693,0,269,0.8883324433674055
501e38b7-8e40-4f3b-bcd9-8c8b1d20b93e,0,173,0.1710817252839012
c256cc2d-100d-4968-a300-7149f70079bb,1,228,0.7987656274603536
5cdc7f65-5088-49a4-b304-205db5a4b7e0,1,292,0.2874597997806225
4e2a0c5d-ddb3-4076-91ee-2b6d68c8d2ac,1,363,0.516840088131777
27d26f92-021b-4571-9973-82627d245611,1,357,0.8331864089697585
85720463-ba22-4ed4-9f81-7d36a1880442,1,17,0.09568943300704935
ce7500e8-6325-4cbd-b5f7-14d108d4a196,1,178,0.8414964724622823
4bf78eaf-63e7-46e3-a0e4-c07036416cc7,1,308,0.29759655140810537
4ff52709-ae25-4624-a06e-2df3cbad700a,1,65,0.6344222683514834
a0c86dc6-7597-4d52-b9b6-2ed6020761a4,1,173,0.16325134481119397
d2eeb876-5929-4f4f-852c-8ab9d4773a81,1,306,0.3205820712041012
4163a7d8-ddd2-45ca-ab25-3f55adcb6393,1,182,0.5926171719243607
18d6f622-7276-4b94-8332-d30dbb3c0663,1,158,0.3249613318654144
880537ee-738e-422c-b71b-9f9f9634c4f4,0,339,0.6902090281430228
2c9c405b-8de8-4b77-8c15-c55db6d067a5,0,213,0.10147115584886712
08941d5e-5799-485a-8da4-cacb4e9b48ab,1,237,0.8285644571917071
9a4308bf-828c-44e7-83a0-c55509992a61,1,299,0.49979454443207916
d2600ead-dac1-4d99-9170-0c33be1599d7,1,342,0.41263691654308576
eda8480e-b3c6-4353-bd0a-c55d59c6411f,0,288,0.20634735660666792
8b9082ac-c63a-4c06-9d93-ebf6c9040a8c,1,186,0.012327943403165342
398974cd-318f-4a60-9120-0095405a1398,1,55,0.3897953818706231
71caf879-84e4-4037-bca0-4cbaf6137d87,1,298,0.35898866994738177
ad6bae1a-3598-45f4-b882-66e5e95f6fd5,1,339,0.5825110496759651
8a09d459-3d6b-4555-8433-2de07bd0cfa0,0,183,0.8042157727716017
15917b8b-c4db-4e5b-87ac-47ccd400fdc7,0,284,0.44340008451603696
178e8339-2339-4640-8681-5b8f6e34a948,1,207,0.22328764425853476
516b27cd-1f5b-4f9f-ae49-5a6db9b98adb,1,229,0.18462311816644117
2686c86a-c2f3-4096-95f8-6e73ea34d0af,1,17,0.5520462211365683
310684e7-346d-40c0-98a3-6dcb346e97a9,1,74,0.5636283400029748
183f3b94-35d2-4a32-950d-55ec7283969b,0,90,0.3090758741507639
9c5a2771-79e7-4ca7-b0a5-cc942591a222,1,30,0.7843080556976629
aa0485dc-c0a7-4735-b0ff-5b5e5b86abe6,1,161,0.1577255887990675
abcb3d07-3ff2-4032-8c41-a834ba3c08c4,1,102,0.5874252658262709
8b186cee-2716-4ba6-980e-7fbb6c96d17e,1,341,0.1359657687926923
87e1e0ea-2719-475f-93f3-a13b77ae6e6d,1,312,0.5700062421926081
219e8073-aebf-4aac-8aab-0f66a3d16535,1,194,0.8271711967110702
d5c3843e-8cab-45a4-8026-28ad00fae7f2,0,142,0.47286571757230045
fedcab9f-0e8e-46bd-8091-a26eabc602d6,0,103,0.9110314655533236
f6e0b602-8b50-42f8-bfc1-c2235c7600f6,1,103,0.26268439668023413
f022cedd-9ac6-4208-a409-17f837e603eb,1,277,0.9403334550989583
0f91389b-8204-496d-9e8e-339c735e9d50,1,19,0.26752890345178615
a6fa6f66-4660-4e74-a711-1d33aa6cd370,1,67,0.4876421326696019
e6998b6b-78a1-49fa-a9ae-014f81104702,1,170,0.503706536220949
9bf734b0-1d6f-49f9-8791-cd1dfec36339,0,300,0.3393133802272268
dd78d5d8-fe73-41de-a62e-ec341546f1cd,0,18,0.9915405459868087
d8584b67-9d9b-4422-b1c3-2127962a5c50,1,316,0.9834659260065034
047df6cf-3e26-4041-8266-7a1c6b5739b5,0,281,0.6267800589953777
85015bf1-3afd-4229-b690-0fd11a78b91b,0,218,0.5004887509701937
6f11e298-d9aa-4580-bacd-d77b8a4b9fa8,1,297,0.4861402380542311
4c147100-6904-479f-a54d-c04b81959382,0,272,0.9753512741850336
01dddc13-0fc1-4d25-8105-e293744b2f27,1,273,0.8191931431831172
d0384d15-6741-4dda-a18d-6739a7150dfd,1,145,0.0679324267509126
598178a2-06a9-4e3a-bf67-dbc1e2ff3e8f,1,59,0.8397735310132978
4bd71b7a-c0da-4f70-a422-fdeeb6f82341,1,279,0.2691108466199015
0068164c-2b62-4be2-a710-8b3c4334eefa,1,135,0.4264007785137266
03bd3a58-a34b-47ac-9cf6-56ee960a6a9d,0,86,0.13096100507721886
148cfd53-0aef-4982-a454-ef60273960e2,1,286,0.25807914750477845
88a4665b-d3ae-4b10-b529-82dd6024a7d5,1,274,0.5840493570638143
1bb0c5d9-eaa9-479e-98ba-d8e18b6ccb4f,1,93,0.010996129755887818
7c998df3-fa9c-475d-8a45-c74bfde280cc,1,303,0.24411611796540722
534cc079-6146-4640-a15b-6f41b5bdd82d,1,287,0.34385711857245393
ee8365d1-fb97-4ea3-8c04-5698782fe752,0,238,0.2935687362154119
30182238-4ed9-447b-b872-26fcb1c6ec47,1,294,0.9605603356387593
7688b735-767a-4f65-b4bd-40c76c10a6de,0,75,0.4836040631976757
63159b22-9c60-4f25-9261-62f8bda4ba2d,1,33,0.007704933744711484
5170d3c1-2fc7-4136-8bb2-97573e239831,0,55,0.8854707265342505
40574cc8-7b1c-45ef-93b9-5fe1ab66988c,1,48,0.09807698961228684
1d517bbd-9bc7-42d3-9795-195f2fa401fb,1,240,0.6519828357327878
836004ba-232e-49fb-a45e-f69e6b594a85,0,114,0.42501906181839444
49d0ecfe-5562-4c83-a71e-175d96e8abc2,1,246,0.4222016501783251
8143bf5f-a6de-4eef-ad27-4938d2a5944f,1,210,0.3405982582504268
a7b9d18b-1200-4a6b-baff-0513861b5d7c,0,5,0.3083814813546415
dcd60e5f-84b0-4862-bbbf-27d347531008,1,302,0.026807467635907578
0879ce55-7b54-464d-b087-71cb8282a71b,1,51,0.1064660025118298
4a9b3a1c-7ceb-4212-8561-310f7cbd7e77,1,245,0.25822346568527643
905919c6-5179-47c5-add4-8593b0db6250,1,300,0.32477831537244806
c1ccedeb-c6c0-4b35-a511-90c6a0643145,1,28,0.6645789163841941
9024e389-314c-45cf-ac5e-1bf8716b9ee8,1,62,0.5255513138467479
1e33b2d8-227a-46fc-a50f-dcd0583bf425,1,20,0.5933749089420856
b5386ef8-a5f4-4e08-87f9-a018380a927c,1,311,0.04328859483091274
92e51ac6-76e3-4645-93af-e195f4c9221c,1,244,0.510179692748809
ba8958c0-9ddb-47f3-95ca-d44016cced01,1,86,0.8635366305533246
56a60079-5d5d-468d-91cc-9ba4560de1d9,1,139,0.7858415905926485
e9517b95-2b93-4f45-9fce-ff9440710f10,1,116,0.9929516616524787
21ea3df9-f2f2-4413-8591-4aedcb389780,1,82,0.2640352182632386
bc87b812-d82a-40a3-84d2-558d99d2d454,0,175,0.6977562516628725
f309da82-020b-46c1-aff7-fa5871187383,0,31,0.6017821134344503
7a979aae-ba15-4d47-83e6-31b2d0634ead,1,115,0.6479332346858344
2e34c72f-c4ea-41b4-9d20-958cf0f2d10d,0,32,0.8583902550319735
0c620b63-a0aa-4dae-b4eb-d7d3fc368347,1,240,0.04545086752036076
edab1610-fc47-40c5-8585-0350aa33f082,0,325,0.8188905674802031
3e4385da-c85a-4790-ab60-988abb576fbe,1,17,0.8476514941633042
0c67fff2-e0fc-495e-b271-54778c01c0dd,1,269,0.8261947432357837
2ca76087-820f-45e1-a1c9-1e39c5ed50fb,0,245,0.02450310023803115
36808a96-bc4e-4f4b-afd0-c0f112d08d93,1,2,0.024430696908817162
f795e89a-e8da-499a-9ac3-14e300eff93a,1,212,0.5019634950953521
ca4adf35-9b78-4d0c-9db0-663103cbe128,1,248,0.8184017278698699
7d92cae8-e755-4e24-b2ca-aea128f88112,1,147,0.4179875798688
34b62818-9140-460d-8e5e-781da1627875,1,358,0.17790090947729753
879ce97a-d948-4953-8e81-bb4449b6576f,1,328,0.5979380398854826
83b5aa3c-ff20-4e3e-b811-668cd1f363cb,1,142,0.6229369798874013
0c979b54-9449-48bc-acb5-1b9a25eee873,1,225,0.39012544286604856
ea4aa8e4-1d48-4418-839b-751f972a7cbf,1,60,0.39199269492288513
f5a7450b-0cc3-4fd0-82d9-4649aa6750ec,0,229,0.6525590544659893
e07a51ae-15f2-4ab4-9a29-f7255c743858,1,360,0.21305901666764382
6d5613a9-6633-460f-8e70-4e77c04693ff,1,351,0.5599025606207606
022d326e-e660-4eed-8681-afc1b0b15959,1,345,0.6721307821051064
5c73e5e7-704f-417c-a916-b791021ef64c,1,36,0.2844403719578621
e95980c0-d8d5-46df-8daa-41499ed6e732,1,176,0.398344940450593
cd50ed2d-cd12-4c0f-9c82-1df16531278a,1,116,0.44461957181767175
793d70a6-ec0e-4b91-9d3e-5721c74c5aa8,1,79,0.48911197516647387
0db66cb1-0102-4789-a2f1-70af19506827,1,78,0.8883563160641637
ad545801-a95f-45d0-b755-9bf2fa5e1ff0,0,336,0.1786494991484947
56fc1f9e-9471-4dd3-abd4-c2178b2c57d0,1,233,0.2799939606116677
057e1ae9-0a97-469c-8f5e-6465d5574218,0,40,0.18420878916864514
e6b2b307-178c-4bde-b5ff-c3ac6f082bf8,0,72,0.12154659619639807
